id	location
es_2	contenedor
es_4	comas
es_5	metro
es_7	ande
es_9	mármol
es_12	micos
es_13	monos
es_17	encinta
es_18	detesto
es_22	uñas
es_23	mordisco
es_31	llamas
es_34	rotonda
es_37	imbécil
es_41	baile
es_42	Alquilo
es_44	pierdes
es_46	vacas
es_50	medido
es_52	e4
es_54	cocodrilo
es_56	gratis
es_58	flotan
es_61	nada
es_62	sincero
es_63	gravedad
es_65	domingo
es_67	sien
es_68	vértigo
es_70	prestaba
es_72	alta
es_73	brújula
es_74	cincuenta
es_77	sacacorchos
es_79	ocultas
es_80	serrucho
es_83	ideas
es_85	históricos
es_87	cacahuetes
es_94	faldas
es_95	plaza
es_96	tiende
es_100	bistec
es_103	papel
es_104	demente
es_106	ejemplo
es_108	palma
es_109	memoria
es_110	mona
es_112	explosivo
es_114	polvo
es_116	órbita
es_118	gastar
es_120	aparato
es_125	pelos
es_130	sentarse
es_131	transparenten
es_132	cerdo
es_135	damas
es_136	pato
es_138	paréntesis
es_139	Bellavista
es_141	gallina
es_143	lluvia
es_144	dulce
es_147	amarilla
es_151	dentadura
es_152	dulce
es_153	sangre
es_159	deporte
es_161	Eco
es_163	unilateral
es_165	Estatua
es_173	período
es_174	novia
es_176	Estufa
es_179	Plastilina
es_180	vértigo
es_184	moral
es_187	Doblar
es_191	Romper
es_194	tacos
es_196	devolverlo
es_197	suena
es_198	exagero
es_201	leche
es_205	popote
es_206	chillón
es_217	voltaje
es_220	nombre
es_221	negra
es_223	tacos
es_226	tiempo
es_227	puesto
es_228	llueva
es_229	músico
es_230	liebre
es_231	billetera
es_232	lechuga
es_234	lenguas
es_235	escapes
es_237	Perforación
es_239	contado
es_241	jugando
es_242	comer
es_243	sangre
es_244	sanísimo
es_247	chicles
es_248	impermeable
es_249	órgano
es_250	Mancha
es_251	sordos
es_253	correspondencia
es_255	muertas
es_257	pantalón
es_258	rápido
es_259	cara
es_261	español
es_263	paracaidismo
es_265	experiencia
es_268	quema
es_272	cataratas
es_276	régimen
es_279	nueve
es_281	pasa
es_282	punible
es_284	leía
es_289	senior
es_290	Lee, Chamorro
es_296	escuatro
es_301	Rosado
es_304	moría
es_307	corriente
es_308	fuerte
es_309	abajo
es_311	impresión
es_314	spam
es_315	Sakudo Tukoko
es_316	mierdas
es_317	Elefante
es_319	cabe
es_320	mula
es_321	chunchaka
es_327	uno
es_328	juri
es_330	cuenta
es_331	Guau
es_332	Helado Oscuro
es_333	puesto
es_334	bocabyte
es_335	marca
es_336	Tobia
es_337	costado
es_340	Mastercard
es_341	pito
es_343	estelar
es_344	salsa
es_345	profesionales
es_347	bolas
es_348	bamBoo
es_353	tomada
es_356	Cate
es_360	científicos
es_361	talla
es_362	cojos
es_363	A-pollo
es_365	oscuro
es_366	ver
es_367	ex-presso
es_368	Caldito
es_369	Ironazo
es_371	naranjas
es_372	troyanos
es_374	trailer
es_375	mudanza
es_376	desconcentra
es_379	Toko Fondo
es_387	Ovnicron
es_388	armados
es_389	confirmar
es_390	Nada
es_391	Ácido
es_393	Broco Lee
es_394	blue-ray
es_398	salsa
es_401	Ketchup
es_402	Mago-rdito
es_406	Ba-rriendo
es_407	control
es_409	Ven-ganza
es_410	ciabatta
es_411	estrella
es_414	derrito
es_415	gancho
es_416	dron
es_417	Vello durmiente
es_418	sor-presa
es_420	exprimían
es_421	Ariel
es_423	Zumba
es_424	iglesia
es_425	bolsa
es_426	Zip
es_428	súper-miso
es_429	una-miga
es_431	tiempo
es_432	Vielnes
es_433	grado
es_444	mi churri
es_448	incomodín
es_450	puntos
es_452	Tampoco yo
es_453	humus
es_455	graduación
es_457	vaca-ciones
es_458	tacotento
es_460	payaso
es_463	nació
es_464	pulpa
es_465	pollo
es_469	Mapachionan
es_471	sincero
es_477	año
es_478	Al ladin
es_480	PCra
es_483	Bienbebido
es_486	Checoslomu
es_487	focos
es_492	tribu Taria
es_494	guardar
es_496	sesenta
es_497	archipliégalo
es_501	en canto
es_502	exportante
es_503	gusto
es_504	cocos
es_505	Pa ola
es_506	komodo
es_510	cón-clave
es_511	Soy dependiente
es_512	paperas
es_513	¡Ps lava!
es_514	masa
es_516	manual
es_518	disparan
es_519	impaciente
es_520	sobrecalentando
es_521	hiperfumado
es_522	Kansas
es_524	quesos
es_525	serie
es_530	Emmental
es_531	Van Damme
es_533	mediani
es_541	colonial
es_543	Santa Tecla
es_545	trabajo
es_550	pasajero
es_552	diez
es_554	dentera
es_558	Do Re Mi
es_559	Forever
es_560	placebo
es_563	siento
es_564	coma
es_567	señor
es_571	horcata
es_573	taxista
es_574	quiosquero
es_575	Pollito asado
es_577	visabuela
es_579	cebollas
es_580	nada
es_581	infinitamente
es_583	exigenada
es_588	siguen
es_593	ingle
es_597	Kungfuntivitis
es_599	Torres
es_600	fruta
es_602	mechas
es_604	en? - ...fermo
es_605	BAT-icano
es_606	BAT-idos
es_608	pegó
es_609	guerra
es_610	Aminoácido
es_611	descabellado
es_613	Peretty Woman
es_614	masbaratillas
es_616	Inés tornudo
es_617	tortugués
es_619	Posponlo
es_622	contento
es_623	Vespinos
es_624	dentro
es_626	Pala-cabal
es_628	subida
es_630	mas-carillas
es_632	Sepelio
es_633	combi
es_637	Paloma
es_638	Pimientos
es_641	seco
es_643	sandalia
es_645	perdido
es_647	madurar
es_649	palabra
es_650	Conde Mora
es_651	hice
es_654	de-Java
es_655	com-Pilar
es_656	Yata
es_659	cuadernola
es_661	1 GB
es_669	asumo
es_671	binario
es_672	cableado
es_673	"""pa picar"""
es_675	mayo
es_678	Tamalito
es_679	presos
es_680	El flamenco
es_681	Excusez Miau
es_683	Noel
es_684	Destripador
es_685	Chava
es_688	escuincles
es_689	Robin
es_690	autodidacta
es_692	Ferrovial
es_693	despintaron
es_694	tema
es_696	cloro
es_697	salada
es_698	desoldó
es_700	facultades
es_701	Istar
es_704	Truco
es_705	UwUlando
es_706	Barios
es_707	redondeta
es_711	Dice
es_712	Romería
es_714	Pandar
es_717	Cruz
es_718	orujo
es_721	nu-ez
es_725	braille
es_728	Diciembre
es_738	panadero
es_740	Thortillas
es_741	Ta-chi-quito
es_742	suicidio
es_743	hipoteca
es_746	blanca
es_747	derecho
es_749	tacos
es_750	señor
es_751	fa sostenido
es_753	tablas
es_757	Sarri
es_758	iguanitas
es_759	polares
es_760	Bati
es_770	El contrabajo
es_771	lado
es_773	fondo
es_775	Nacho
es_778	commit
es_784	genio
es_786	ark-o
es_788	cuarto
es_789	lava
es_790	Uwuntu
es_791	pulpa
es_792	pasar
es_796	tiempo
es_799	prisa
es_804	Na
es_806	Palomitas
es_807	película
es_813	bacilo
es_816	siéntate
es_817	familiares
es_819	do
es_821	Enrique Iglesias
es_833	pollicia
es_835	oso panda
es_838	esquina
es_839	retrovisor
es_840	flotante
es_841	Dinanomarca
es_842	segunda
es_843	BATminton
es_844	Ochoa
es_846	amigos
es_848	seriese
es_849	lenteja
es_850	GotasKaen
es_852	vendada
es_853	camino
es_855	salahdo
es_856	secreto
es_866	veloci-rap-tor
es_870	llena
es_872	sin Cesar
es_874	cruz
es_878	castigado
es_879	Caparroz
es_880	reina
es_881	actualizarnos
es_882	muerta
es_883	brocha
es_884	gas
es_885	Was
es_886	cherré
es_889	Efectivamente
es_891	paraba
es_892	Chincheramente
es_893	Stan, lee
es_894	psicopata-ta
es_895	dulce
es_896	depriwomen
es_902	explota
es_904	viernes
es_906	AeroBics
es_912	Pinueve
es_917	Chabelo
es_918	cincopatas
es_919	peaje
es_920	tribu-nal
es_922	pantalón
es_923	Don ET
es_925	papel
es_926	Marilla
es_929	usted
es_931	luno
es_932	retro
es_933	nada-r
es_934	Alá
es_942	Tree Falling
es_948	oxidado
es_952	impresión
es_955	más ajista
es_958	espíritu
es_959	impuesto
es_960	gamberra
es_962	pantaliones
es_963	Hierro
es_964	Negativo
es_967	Terrasa
es_968	hora
es_970	lava
es_975	Pimientos
es_976	glóbulos
es_978	tierra
es_980	Gloria
es_982	polo
es_985	KONGratulaciones
es_987	multiplicaciones
es_989	Almo-runners
es_990	Frankenstein
es_991	Hacha
es_993	grima
es_996	autorretracto
es_999	dieta
es_1001	sonando
es_1002	delfin
es_3413d	dulces
es_1006	diabética
es_1007	cabeza
es_6911a	ajuste
es_1012	ajuste
es_1016	nuclear
es_1017	fuga
es_6569a	solución
es_6569b	solución
es_1018	solución
es_1019	di-solución
es_1020	di-solución
es_1024	levantar
es_1025	cuerno
es_1026	elevado
es_7406a	cargar
es_7406b	levantar
es_1027	soporto
es_1028	jamba
es_1438b	suecos
es_1029	zuecos
es_1031	empaquetó
es_2874a	gastado
es_1033	fundido
es_2874d	des-gastado
es_2874e	gastó
es_1036	corriente
es_1039	trasplantarse
es_1040	trasplantan
es_1041	plantados
es_225a	raíz
es_225b	desarraigan
es_2596b	química
es_1044	química
es_1045	enlace
es_1047	química
es_1048	química
es_1051	pistas
es_1052	En-tren-ando
es_2392a	vías
es_1053	camarero
es_1054	vino
es_1056	bar
es_1057	camarero
es_1060	cerdos
es_2408b	cerdos
es_1061	ganado
es_1063	resistió
es_1064	resistencia
es_1066	desentrenado
es_1068	numerito
es_1070	número
es_1071	número
es_7435b	número
es_1074	esconde
es_5065a	duques
es_3603b	dormir
es_1077	dormir
es_2964a	huevos
es_2964b	huevos
es_1082	pelillos
es_1083	cruzados
es_1084	pillaron
es_4098a	pájaros
es_1087	volante
es_1088	chuletas
es_1089	cerdos
es_1090	chorizo
es_1091	brillante
es_1092	brillante
es_1093	radiantes
es_1094	brillante
es_1096	resplandeciente
es_1379a	brillando
es_1097	radiante
es_1100	nombre
es_1101	abogada
es_1102	Demanda
es_1103	petando
es_2847a	bum
es_1105	estallar
es_1111	plantados
es_1112	tierra
es_3152b	plantar
es_3152c	plantar
es_1115	vaina
es_1119	revolver
es_1120	dispararon
es_1042a	brotes
es_1122	burbuja
es_1123	Miel
es_1258b	expreso
es_1258c	urgente
es_1258d	expreso
es_5476c	empalidecen
es_5476e	palidecen
es_1127	jugosas
es_1128	crudeza
es_1129	tres cuartos
es_1131	Cristo
es_2555b	tierra
es_1132	tierra
es_2555d	tierra
es_399c	encendido
es_3138b	secas
es_1138	seco
es_1139	seco
es_1140	seco
es_3138d	secas
es_1141	explotando
es_4775c	explosión
es_2076a	mierda
es_2076d	mierda»
es_2076e	caca
es_1144	matemáticas
es_1147	Cuéntame
es_7881c	recortes
es_1150	recortes
es_1151	recortes
es_7881g	recortes
es_5066a	estribos
es_5066b	atracados
es_3305b	espíritu
es_1155	reservada
es_5197f	pasa
es_1156	electricista
es_1158	cables
es_1111a	espíritu
es_1111d	espíritus
es_1111f	espíritu
es_5428c	complejo
es_5069a	separan
es_1161	astillan
es_5069b	cortan
es_1162	sierran
es_5069d	dividen
es_1134b	espacio
es_1165	espacio
es_1134e	espacio
es_1134f	espacio
es_2709a	pelotas
es_1166	pelotas
es_2709d	pelotas
es_2709e	pelotas
es_1169	cambio
es_4578e	cambio
es_4578f	cambio
es_4578g	cambio
es_1171	hunden
es_1172	bracean
es_950e	hojear
es_950f	hojear
es_1179	cemento
es_1888a	apilada
es_3177a	Universidad
es_1184	enganchado
es_6453a	estiran
es_1185	estiran
es_1186	estira
es_1194	giro
es_1196	contrabajo
es_1197	precipitarse
es_1200	desgastan
es_1201	botas
es_1208	pulgas
es_1209	electrizante
es_1210	chispa
es_1211	jabón
es_1212	jabón
es_1214	cerró
es_1220	mesa
es_1223	pollo
es_1227	borrego
es_1230	afilado
es_1232	punto
es_2676a	punto
es_1233	matas
es_1237	enganchado
es_1238	desengancharse
es_1240	reflexiones
es_1244	estrechos
es_1247	tiempo
es_1248	absorbidos
es_1250	cuneta
es_1252	chispa
es_1254	bagaje
es_1255	carga
es_1257	polvos
es_8401a	iluminador
es_1258	imprenta
es_1260	seda
es_1261	esposas
es_1262	detiene
es_1263	disparan
es_1264	disparados
es_1265	despedidos
es_1267	carrete
es_1269	operaciones
es_1270	precipitación
es_6860b	golpeó
es_5663a	caña
es_1452a	forro
es_1272	libro
es_1273	balones
es_1452c	rabo
es_1274	rebotes
es_1275	rebotan
es_1276	mates
es_2598a	rebotando
es_2598b	intercambiando
es_7482a	leyendas
es_1277	leyenda
es_7482d	leyendas
es_1278	tenis
es_1279	rompan
es_1280	empresa
es_7370b	amor
es_1281	constitución
es_4902c	dimitió
es_7901a	Jesús
es_1286	césped
es_1287	huerto
es_6777a	césped
es_1288	veremos
es_2364b	haya
es_1289	entrega
es_2364c	pino
es_1290	monólogos
es_6795a	sentencia
es_6097a	entrega
es_1292	cadena
es_1293	oración
es_1295	pena
es_6795b	sentencia
es_1403a	espectáculo
es_1298	despegando
es_1300	maleables
es_1301	bolsa
es_4671c	bolsa
es_1302	primero
es_1303	punto
es_1304	receta
es_1305	sazón
es_2444c	receta
es_1306	receta
es_1307	ligero
es_1311	estándares
es_1312	escayola
es_6424a	volumen
es_6424b	volumen
es_6424e	volumen
es_1315	caña
es_1771c	monumental
es_1771d	monumental
es_8041a	grano
es_1323	pobres
es_1324	ONG
es_1325	vidente
es_3974a	televangelista
es_3974b	televangelista
es_1326	caparazón
es_7948b	p
es_1327	vuelos
es_7166a	espacio
es_7166b	espacio
es_1330	espacio
es_1331	cielo
es_7166f	espacio
es_1332	alicaídos
es_3012a	volaron
es_3012b	volando
es_1336	precio
es_2007a	abajo
es_803b	precio
es_7888b	circulación
es_7888c	circulación
es_295a	topografía
es_295d	topografía
es_2395a	fiebre
es_7136a	mejorar
es_7136b	mejorar
es_33a	cambian
es_5966a	dentista
es_1373	pieza
es_3346c	maduro
es_1374	soldado
es_2452a	duro
es_6080a	balances
es_1377	locas
es_1378	desequilibrado
es_1379	gemelos
es_1380	fuego
es_1381	irracional
es_1382	dispar
es_1383	nones
es_1907a	misterios
es_1385	pasta
es_1907c	asesino
es_1907d	asesino
es_1386	colmillo
es_7902a	raíces
es_7902b	raíces
es_7902c	raíces
es_7902d	raíces
es_7902f	raíces
es_5780a	corriente
es_1388	corriente
es_1389	corriente
es_1391	tapón
es_1392	llenase
es_1393	pez
es_1394	fondo
es_1395	sincronizado
es_279b	concentración
es_279c	concentración
es_1397	concentrado
es_279f	concentración
es_5554b	revelada
es_5554d	desarrollada
es_1341	falla
es_1342	sisma
es_1344	cargaron
es_1345	cables
es_1347	carga
es_6693a	mesa
es_1350	bosquejo
es_1354	hundieran
es_1357	gancho
es_8039a	evolucionó
es_1360	especias
es_8039c	evoluciona
es_1362	evolucionaba
es_8039d	evolucionó
es_8039e	evolucionaba
es_1254a	sintonía
es_1254b	recepción
es_1363	señales
es_1254f	recepción
es_1254g	recepción
es_1364	boca
es_1365	eliminación
es_5638a	eliminado
es_5638c	eliminación
es_5638d	eliminación
es_1020b	reservas
es_1020c	reservas
es_1020e	reservas
es_1020h	reservas
es_2554a	leche
es_4088e	sed
es_4088f	sed
es_3077c	conectamos
es_6233a	eterna
es_4162c	escala
es_4162d	escala
es_2641a	busto
es_5759a	pequeño
es_1096a	tributarias
es_385a	compases
es_6028a	encantado
es_2178a	directa
es_2178d	directa
es_3472b	mundo
es_3472g	mundo
es_3996a	guardián
es_6644a	ola
es_6644b	ola
es_6455a	descarrilan
es_6455b	descarrilan
es_4996b	objetivo
es_4524a	saltar
es_4311a	giro
es_4311b	giro
es_4311c	giro
es_2946c	hierba
es_2946d	hierba
es_1658b	despegó
es_1658c	despegó
es_4908a	victoria
es_4908c	gano
es_7579b	vegetativo
es_7579c	vegetal
es_7579d	vegetan
es_6812b	refinada
es_6812c	refinada
es_6812e	refinadas
es_6812f	refinados
es_2228c	Manila
es_4233a	brújula
es_1095a	barrio
es_4553a	Dios
es_4553c	dios
es_5121a	canales
es_5121b	canales
es_671b	caliente
es_671d	candente
es_1367	tensión
es_1368	agua
es_3945a	consolar
es_3945b	consoló
es_1098	sedaba
es_1366	angina
es_5439a	gusto
es_1369	gusto
es_5439b	gusto
es_5439d	gusto
es_5439e	gusto
