id	text
es_2	Comer carne con un tenedor... que comer carne en un contenedor.
es_4	Un mal hombre en estado de coma. que te comas un hombre en mal estado.
es_5	Tomar el metro en la Puerta del Sol. que tomar el sol en la puerta del metro.
es_7	Decir Andalucía... que decir a Lucía que ande.
es_9	Ir a Marmolejo... que ir lejos por mármol.
es_12	Un movimiento sísmico... que seis micos en movimiento.
es_13	Sentémonos... que sesenta monos.
es_17	Una cinta negra... que una negra encinta.
es_18	Los libros de texto... que detesto los libros.
es_22	Tener un cortaúñas... que tener las uñas cortas.
es_23	Un disco de amor... que un mordisco.
es_31	Ha ocurrido un incendio en el zoo... se sospecha de las llamas.
es_34	Tu perro está muy gordo.- Es un cruce.- Pues será una rotonda.
es_37	Todo aquel que defiende una verdad absoluta es un imbécil.
es_41	Voy a bailar a la pista de braille. - Será de baile. - Es que voy muy ciego.
es_42	¿Vendes tu casa? - Alquilo. - ¿Y cuánto pesa?
es_44	¿Has estado alguna vez en un laberinto? - No. - Pues no sabes lo que te pierdes.
es_46	¿Te gustan los toros? - Sí- ¡Pues tienes el mismo gusto que las vacas!
es_50	Por favor, ¿me puede decir cuál es la Calle Mayor? - No lo sé. Nunca las he medido.
es_52	Mi mujer me ha dicho que, si mañana voy al torneo de ajedrez en lugar de salir con ella, me dejará. - ¿Y vas a salir? - Con e4 como siempre...
es_54	¡Mamá, el coco se ha llevado a papá! - ¿Qué coco? - El cocodrilo.
es_56	¡Socorro, me ha picado una víbora! - ¿Cobra? - No, gratis.
es_58	¡Capitán, se aproximan quince carabelas por estribor! - ¿Una flota? - No, ¡flotan las quince!
es_61	¿Qué le dice un cero a otro cero? - ¡No somos nada!
es_62	¿Qué le dice el 1 al 10? - Para ser como yo, debes de ser sincero.
es_63	Era tan alegre, tan alegre, que nunca comprendió la ley de la gravedad.
es_65	Era tan alto, tan alto, que tropezó el jueves y cayó el domingo.
es_67	Era tan alto, tan alto, que no tenía sien sino mil.
es_68	Era tan alto, tan alto, que cuando miraba hacia abajo le daba vértigo.
es_70	Era tan avaro, tan avaro, que no prestaba ni la menor atención.
es_72	Era tan baja, tan baja, que se ponía enferma para que el médico le diera de alta.
es_73	Era tan bajo, tan bajo, que para atravesar la alfombra tenía que llevar brújula.
es_74	Era tan bajo, tan bajo, que no tenía sien sino cincuenta.
es_77	Era tan borracho, tan borracho, que para separarlo de la botella tenían que usar sacacorchos.
es_79	Era una bruja tan tonta, tan tonta, que no encontraba las ciencias ocultas.
es_80	Era tan bruto, tan bruto, que no usaba peine sino serrucho.
es_83	Era tan calvo, tan calvo, que se le veían las ideas.
es_85	Era un cartero tan lento, tan lento, que cuando entregaba las cartas eran documentos históricos.
es_87	Era una chica tan mona, tan mona, que sólo comía cacahuetes.
es_94	¿En qué se parece las montañas a las mujeres? - En que las dos tienen faldas.
es_95	¿Un ama de casa a un torero? - En que los dos van a la plaza.
es_96	¿En qué se parece un ama de casa a un globo? - En que el ama de casa sube a tender y el globo tiende a subir.
es_100	¿En qué se parece un toro vivo a un toro muerto? - En que el toro vivo embiste y el muerto en bistec.
es_103	¿En qué se parece una serpentina a un niño con frío? - En que el niño tirita de frío y la serpentina tirita de papel.
es_104	¿En qué se parece un chicle a un loco? - En que el chicle es de menta y el loco es demente.
es_106	¿Cuál es el colmo de un abogado? - Citar un ejemplo.
es_108	¿Cuál es el colmo de un alpinista? - Tener que trepar por la palma de la mano.
es_109	¿Cuál es el colmo de un amnésico? - Hacerle un monumento a su memoria.
es_110	¿Cuál es el colmo de un anestesista? - Dormir la mona.
es_112	¿Cuál es el colmo de un artificiero? - Tener un carácter explosivo.
es_114	¿Cuál es el colmo de una aspiradora? - Ser alérgica al polvo.
es_116	¿Cuál es el colmo de un astronauta? - Tener los ojos fuera de órbita.
es_118	¿Cuál es el colmo de un avaro? Dormir de lado para no gastar las sábanas
es_120	¿Cuál es el colmo de un aviador? - Que en la noche de bodas no se le levante el aparato.
es_125	¿Cuál es el colmo de un barbero? - Coger el autobús por los pelos.
es_130	¿Cuál es el colmo de un caballo? - Tener silla y no poder sentarse.
es_131	¿Cuál es el colmo de un calvo? - Que se le transparenten las ideas.
es_132	¿Cuál es el colmo de un carnicero? - Tener manitas de cerdo.
es_135	¿Cuál es el colmo de un casto? - Ruborizarse ante un juego de damas.
es_136	¿Cuál es el colmo de un cazador? - Que le salga un hijo pato.
es_138	¿Cuál es el colmo de un cerrajero? - Abrir un paréntesis.
es_139	¿Cuál es el colmo de un ciego? - Vivir en la calle Bellavista.
es_141	¿Cuál es el colmo de un cobarde? - Que le pongan la piel de gallina.
es_143	¿Cuál es el colmo de un conductor? - Tener que frenar en seco un día de lluvia.
es_144	¿Cuál es el colmo de un confitero? - Tener el carácter dulce.
es_147	¿Cuál es el colmo de un chino? - Que al comer limón se le ponga la lengua amarilla.
es_151	¿Cuál es el colmo de un dentista? - Ponerle dentadura a la boca de un río.
es_152	¿Cuál es el colmo de un diabético? - Tener un carácter dulce.
es_153	¿Cuál es el colmo de Drácula? - Ser donante de sangre.
es_159	¿Qué es amor? - Único deporte que no se suspende por faltade luz.
es_161	Aplauso: Eco de una tontería.
es_163	Bofetada: Aplauso unilateral.
es_165	Busto: Estatua de un hombre sin manos.
es_173	Embarazo: Período sin período.
es_174	Esposa: Lo único que queda de la novia.
es_176	Estafa: Estufa que no funciona.
es_179	Mocos: Plastilina de los pobres.
es_180	¿Cuál es el colmo de un enano? - Tener vértigo. 
es_184	¿Cuál es el colmo de la ética? - No tener moral.
es_187	¿Cuál es el colmo de un musculoso? - Doblar una esquina.
es_191	¿Cuál es el colmo de la fuerza? - Romper el silencio.
es_194	¿Cuál es el colmo de un futbolista? - Tener los tacos puestos y no poder comerlos.
es_196	¿Cuál es el colmo de la honradez? - Encontrar un trabajo y devolverlo.
es_197	Manolo, ¿sabes lo que es un pañuelo? - No, el caso es que me suena
es_198	Me compré una paloma. - ¿Mensajera? - No te exagero.
es_201	¿Tu loro tiene mala leche? - No. - Pues, ponme dos litros.
es_205	¿Por qué bebes la cerveza con popote? - Le prometí a mi madre que jamás pondría los labios en una copa.
es_206	He visto a tu mujer con un vestido muy chillón - Sí, es que es un poco sorda.
es_217	Tu novia es una chica corriente. - Sí, pero de alto voltaje.
es_220	Lo que tu hijo le ha hecho a mi hija no tiene nombre. Ni apellido porque mañana se va a Alemania.
es_221	Mi exmarido era un sol. - ¿Y por qué le dejaste? - Porque me ponía negra.
es_223	¿Por qué los mexicanos no pueden jugar billar? - Porque se comen los tacos.
es_226	Últimamente parece que estás en las nubes. - Es que me he enamorado del hombre del tiempo.
es_227	¿Sabes que me casado con una muda? - Qué suerte has tenido, yo me casé con lo puesto.
es_228	Pues, mi mujer me ha regalado un paraguas. - ¿Para tu cumpleaños? - No, para cuando llueva.
es_229	¿Tú que colonia usas? - Lavanda. - Pues, me parece que se te debe haber muerto algún músico.
es_230	Dos galgos corriendo detrás de un taxi: Lo ves, como ponía libre y no liebre.
es_231	El cocodrilo hijo: Papá, ¿algún día tendré mucho dinero? - Sí hijo, cuando te hagan billetera.
es_232	Entre caracoles: ¡Hola, caracol! - ¡Y tú cara de lechuga!
es_234	Se necesita señorita con dos lenguas para ejecutivo muy exigente
es_235	Se ofrece butanero vasectomizado. Servicio garantizado sin riesgo de escapes.
es_237	Torneo de tiro al arco. Perforación de orejas.
es_239	Se puede pagar a plazos. Tenemos plena confianza en Dios. En los demás pagan al contado.
es_241	No correr, ancianos jugando.
es_242	Vendo dentadura postiza porque necesito el dinero para comer.
es_243	No mates los chinches, llevan tu sangre
es_244	Vendo farmacia en pueblo sanísimo.
es_247	En máquina de vender condones: No compres estos chicles, saben a goma.
es_248	Por la compra de un impermeable regalamos un paraguas.
es_249	Unas monjas encuentran en el convento un paquete de preservativos. Leyeron en la caja: Para ponerlo sobre el órgano. Como no tenían órgano, pusieron el paquete encima del piano.
es_250	Al ver un cartel de “mantenga limpia España”, quería quitar la Mancha.
es_251	Vendo piano desafinado, ideal para sordos.
es_253	Urgen carteros con o sin experiencia, se valorará que hayan hecho cursos por correspondencia.
es_255	Se necesita laqueador de ataúdes. En horas muertas.
es_257	Pintada en el retrete: En este humilde rincón, hasta el más hombre, se baja el pantalón.
es_258	La sabiduría me persigue, pero yo soy más rápido.
es_259	Ejecutivo agresivo busca monedas antiguas para partirles la cara.
es_261	Cambio pastor alemán por uno que hable español.
es_263	Si a la primera no lo haces bien, el paracaidismo no es lo tuyo.
es_265	Se busca kamikaze. Imprescindible experiencia.
es_268	Mi cocinera nueva es un sol. - ¿Guisa muy bien? - No, lo quema todo.
es_272	Deme unas gafas con canoa. - ¿Por qué las quiere con canoa? - Porque tengo cataratas.
es_276	Deme un gel de baño. - ¿Con sales o sin sales? - Me da igual, no estoy a régimen.
es_279	Mi exposición comprendía nueve obras y la de Carlos Cruz-Diez.
es_281	Si estás triste pon a cocer arroz durante dos horas, ¡ya verás cómo se te pasa!
es_282	Ese pantalón te queda fatal, pa meter en la cárcel al que lo ha diseñado, o sea, es una prenda muy punible.
es_284	Había un man tan León que leía hasta los bodrios esos que escribe la Mayer
es_289	Mi padre y mis abuelos a mi edad eran viejos, yo soy un senior ...
es_290	"Le echa morro y ordena: ""Lee, Chamorro""."
es_296	Tengo un estrés que parece que escuatro.
es_301	Laura acabó toda adolorida, y Yordi Rosado.
es_304	Que había un cementerio tan lujoso que la gente se moría por ir.
es_307	"Mamá, en el colegio me llaman ""enchufado"" pero yo les sigo la corriente."
es_308	¿Para qué va una caja al gimnasio? ¡Para ser una caja fuerte!
es_309	Antonio, ¿qué haces deprimido en el sótano? Me he venido abajo.
es_311	Una impresora le dice a otra: ¿Esta hoja es tuya o es impresión mía?
es_314	Eliminar correos no deseados es spam comido
es_315	¿Cómo se dice psicoanalista en japonés? Sakudo Tukoko
es_316	¿Qué le dice una nalga a la otra? ¿Qué mierdas pasa entre nosotras?
es_317	Dime un animal que empiece por L.- Elefante.
es_319	Todavía hay gente que quiere vender sombreros de la talla XXL. Pero, ¿en qué cabeza cabe esa idea?
es_320	Disimula y la mula dijo sí.
es_321	¿Cuál es la música favorita de los chakas?, La chunchaka.
es_327	¡Si quieres saber algo pregúntale al dos o tres! - ¿Por qué? -Porque uno nunca sabe
es_328	Me gusta mucho la música clásica. ¿De Verdi? - Te lo juri.
es_330	Cariño, ¿y si tenemos un hijo? -Nos habríamos dado cuenta, ¿no?
es_331	¿Qué le dice un perro sorprendido a su dueño? - Guau.
es_332	¿Qué tiene Darth Vader en la nevera? Helado Oscuro.
es_333	¿Me podría decir dónde está la señora de las empanadas? Sí, por su puesto.
es_334	¿Qué son ocho bocabits? -Un bocabyte!!
es_335	Si una piscina es honda, ¿de qué marca es el mar?
es_336	¿Conocés Tobia? - Tobia no.
es_337	Estoy muy contento con mi nuevo audífono. ¿Y cuánto te ha costado? A las 10 y media, como todos los días.
es_340	Una mujer entra al consulado, y un empleado le pregunta: - Quiere aplicar para una visa? Ella le responde: - No. Para la Mastercard.
es_341	A las 10 te pito y bajas. ¿Te has comprado un coche? - No, un pito.
es_343	¿Si aparece un fantasma con forma de estrella? ¿Es una aparición estelar?
es_344	¿Qué le dijo un fideo a otro? ¡Oye, mi cuerpo pide salsa!
es_345	Si tu profesión consiste en aspirar alfombras. ¿Es que tienes aspiraciones profesionales?
es_347	¿Por qué los adivinos no pueden tener hijos? - Porque tienen las bolas de cristal.
es_348	¿Cuál es la planta que más miedo da? ¡El bamBoo!
es_353	Honduras tiene serios problemas de alcoholismo. Todos los días aparece alguna oficina tomada.
es_356	Sabían que el aguacate es 50% Agua! no sabía. y el otro 50%? pues Cate!
es_360	¿Qué son 50 químicos y 50 físicos? - científicos!
es_361	La prensa internacional sorprendida por la noticia del despido de la pareja de enanos del Circo del Sol por no dar la talla.
es_362	A muchos les cuesta dar siempre el primer paso, sobre todo si son cojos.
es_363	¿Qué le dice una gallina deprimida a otra gallina deprimida? - Necesitamos A-pollo!
es_365	¿Viste el apagón de anoche? ¡Qué va!, estaba todo muy oscuro.
es_366	La policía dejó libre del asesinato al ciego porque no tuvo nada que ver.
es_367	¿Cuál es el café más peligroso del mundo? El ex-presso
es_368	¿Qué le dice un pollito muy enfadado a otro pollito? ¡Caldito seas!!
es_369	¿Qué despeinó a Tony Stark? Pues el Ironazo.
es_371	¿Sabías que las cajas negras de los aviones son naranjas? - ¡Qué me dices! ¿No son cajas?
es_372	Hoy en mandaron un link para descargar la Ilíada, pero me dio miedo darle clic por qué seguro traía troyanos.
es_374	¿Por qué murió de camino al cine? - Porque no vio el trailer.
es_375	¿Qué hace un mudo bailando? - Una mudanza.
es_376	¿Si al coger el zumo concentrado de naranja se me cae al suelo, se desconcentra?
es_379	¿Cómo se llama el campeón de buceo de china? Toko Fondo.
es_387	¿Cuál es la enfermedad más común de los extraterrestres? - Ovnicron.
es_388	La policía acaba de detener a dos rompecabezas porque estaba armados.
es_389	¿Por qué en Galicia todos los aeropuertos tienen capilla? - Para confirmar los vuelos.
es_390	¿Sabes qué hace un pez mago? - Nada.
es_391	¿Cómo se despiden los químicos? - Ácido un placer.
es_393	¿Como se llama el primo vegetariano de bruce lee? - Pues Broco Lee
es_394	¿Cuál es el papá del príncipe azul? - El blue-ray.
es_398	¿Cuál es el baile preferido del tómate? - La salsa.
es_401	¿Cómo estornuda un tómate? - Ketchup.
es_402	¿Cómo queda un Mago después de comer? - Mago-rdito.
es_406	¿Sabes por qué la escoba recibió el año tan feliz? - Si, porque Ba-rriendo.
es_407	Esta noche voy a beber como los televisores viejos - ¿Cómo es eso? - Sin control.
es_409	¿Qué le dice un ganso a una gansa? - Ven-ganza.
es_410	¿Por qué han metido al panadero en el manicomio? - porque ha perdido la ciabatta.
es_411	¿Por qué el programa se llama Bob esponja si Patricio es la estrella?
es_414	¿Qué le dice una vela a otra para seducirla? - Me derrito por ti.
es_415	¿Sabéis por qué es buena idea incluir una grúa en un anuncio? ¡Porque tiene mucho gancho!
es_416	¿Qué le dice un robot a otro robot que vuela? - ¿Qué pasa, dron?
es_417	¿Cómo se le dice a un pelo en la cama? -El Vello durmiente.
es_418	Si una monja cómete un delito, y la llevan presa, ¿es sor-presa?
es_420	Trabajaba en una fábrica de zumos, pero lo dejé porque me exprimían demasiado.
es_421	¿Por qué el mar tiene espuma? Porque la sirenita se llama Ariel.
es_423	¿Qué hace una abeja en un gimnasio? - Zumba!
es_424	En junio vi muchas capillas, y en julio iglesia.
es_425	Dicen que un canguro ha salido enfadado de Mercadona porque le querían cobrar la bolsa.
es_426	¿Últimamente te sientes comprimido? - Zip.
es_428	¿Cómo le hace supermán para pasar en medio de toda la gente? - Con súper-miso!
es_429	¿Qué le dice un pan a otro pan? - Te presento a una-miga.
es_431	¿Qué hace un asesino para entretenerse? - Matar el tiempo.
es_432	¿Nivel de inglés? - Alto - ¿Qué es oil? - Vielnes.
es_433	¿Qué le dijo un terremoto a otro terremoto en la escuela? De qué grado eres.
es_444	¿Quieres salsa? - Sí, mi churri
es_448	Hola, ¿está Agustín? - No, estoy incomodín.
es_450	¿Qué le dice un pecoso a otro pecoso? -Te gano por puntos.
es_452	¿Te sabes el chiste de Pocoyó? - No - Tampoco yo.
es_453	¿Como se comunican los veganos? - Con señales de humus.
es_455	¿Por qué Jaimito va con traje y corbata al oculista? Porque va a la graduación de sus gafas.
es_457	¿Qué hace una vaca en la playa? Está de vaca-ciones.
es_458	¿Qué le dijo un tacón triste a un tacón feliz? ¿tacotento?
es_460	Un acróbata de circo se cayó. Lo cargo el payaso.
es_463	Iba a contar un chiste sobre el aborto, Pero no me nació.
es_464	¡La bebida favorita del pulpo es el zumo con pulpa!
es_465	¡Padre! ¿He pecado? - No hijo, he pollo.
es_469	¿Sabes que me gustan los mapaches? - ¿Cuánto? - Mapachionan.
es_471	¿Qué le dice el uno al diez? Por lo menos yo soy sincero.
es_477	¿Quién es más grande con un año un niño o un pollo? -El pollo porque tiene año y pico
es_478	¿Dónde tenía Aladino la lámpara maravillosa? - Al ladin.
es_480	¿Si metes un ordenador en un acuario, se convierte en una PCra?
es_483	¿Qué le dice un refresco a otro cuando uno entra en la casa del otro? Bienbebido.
es_486	¿Qué hace una checoslovaca? - Checoslomu.
es_487	¿Por qué las focas del circo miran siempre hacia arriba? - Porque es donde están los focos.
es_492	¿Dice usted que es inspector de hacienda?  Sí - ¿Y esas plumas de la cabeza? -Soy de la tribu Taria.
es_494	Por qué doblan las campanas - Porque la están por guardar.
es_496	Saben porque 59 está siempre de pie. - Porque después sesenta.
es_497	¿Por qué has doblado tanto el mapa de las Islas Canarias? -Es que ponía archipliégalo.
es_501	Creo que tú y yo estamos juntos en coro, - No, en canto - Que sí, preciosa
es_502	¿A qué se dedica? - Trabajo en importación y exportación - Importante - Sí y exportante.
es_503	Amiga, cuando me presentaste a tu flaco me di cuenta que tienes Covid. - ¿Por qué? - Porque no tienes olfato ni gusto.
es_504	¿Tienen cocos? -Si - ¡Uy, que miedo!
es_505	¿Cómo le pusiste a tu tabla de surf? - Pa ola.
es_506	En la cama estoy como un dragón - ¿De caliente? - No de komodo.
es_510	¿Por qué nadie puede robar el wifi del Vaticano? - Porque es cón-clave.
es_511	Soy una persona muy independiente - ¿Y de qué trabajas? - Soy dependiente.
es_512	Doctor, creo que tengo paperas. - Pues toma 2€ y ya tienes para plátanos.
es_513	¿Cuál es la diferencia entre un volcán y un terremoto? ¿Que el terremoto ensucia - Y el volcán?  -¡Ps lava!
es_514	¿Si te pillan manoseando a Hulk, te han cogido con las manos en la masa?
es_516	¿Manuel, tu coche es automático? - Es manual - ¿Manual, tu coche es automático?
es_518	Última hora, los precios de armas de fuego se disparan.
es_519	Por favor me abre, vengo a ver a un familiar - ¿A quién? - A Bryan - ¡Uy, ¡qué impaciente!
es_520	¿Qué hace un sobre ardiendo? - Se está sobrecalentando.
es_521	¿Qué colonia usas? -Ninguna. Me ducho y me fumo 3 porros así salgo de casa limpito hiperfumado.
es_522	¿De dónde eres? - Kansas - Perdone usted, ya no le pregunto más.
es_524	¡Vaya fortuna que ha hecho Henry Ford con los coches! - ¡Y su hermano Roque Fort con los quesos!
es_525	Los actores que solo participan en películas son mejores porque son fuera de serie.
es_530	¿Qué queso prefieres Sherlock?  - El Emmental, querido Watson
es_531	¿Porque Sylvester Stallone no puede anclar su barco en el puerto? Porque Jean Claude Van Damme.
es_533	Buenos días, quiero una camiseta de un personaje inspirador. - ¿Ghandi? - No, mediani.
es_541	¿Qué bien huele tu casa? Claro, si es de estilo colonial.
es_543	Felicitad a vuestros teclados, hoy es Santa Tecla.
es_545	¿Al final te acosaste con la mujer del jefe? - Sí, aunque mi trabajo me costó.
es_550	¿Qué es un dolor que se me pasa de acá para acá, y de acá para allá? - Un dolor pasajero.
es_552	Buenas tardes, ¿Me da un iPhone? - ¿diez? - ¡Le dije uno!
es_554	¿Qué tipo de leche da más grima? La leche dentera.
es_558	¿En que viajan 8 músicos? -En Do Re Mi.
es_559	Señor puedo alquilar “Batman Forever” - Imposible, tiene que devolverlo
es_560	Hola, soy homeópata - Es un placebo conocerte.
es_563	Vendí todas mis sillas, porque a nadie le importa cómo me siento.
es_564	Un señor tuvo un accidente ortográfico, quedo en coma.
es_567	¿Usted es Clara?  - Claro - Disculpe, señor.
es_571	¿Tú sabes si horchata lleva H?  - claro que lleva si no sería horcata.
es_573	¡Estoy harto de que la gente hable a mis espaldas! - Señor, usted es taxista.
es_574	¿Tu cuñado a qué se dedica? - Es quiosquero - Ya, y nosotros a ti un montón, pero ¿a qué se dedica tu cuñado?
es_575	¿Qué sale de cruzar un dragón y una gallina? - Pollito asado.
es_577	Una abuelita se fue a sacar la visa y como se la dieron se convirtió en visabuela.
es_579	Había un cocinero que era un cocinero tan feo, que hacía llorar a las cebollas.
es_580	Oye, ¿qué hora tienes? -Las diez menos diez. - ¡Entonces no tienes nada!
es_581	Cuando un ocho se cae es infinitamente gracioso.
es_583	¿Cuál es el líquido más conformista? -El agua exigenada.
es_588	¿Qué le dijo un perfil de Instagram a otro perfil de Instagram? - Me parece que me siguen.
es_593	Hoy maté una pulga inglesa - ¿Cómo sabes que es inglesa? - porque estaba en la ingle.
es_597	¿De qué murió la madre de Kung-Fú? - De Kungfuntivitis.
es_599	Por qué EE.UU no puede jugar al Ajedrez? - Porque le faltan las Torres.
es_600	¿Hace mucho que espera?  -Yo nunca he sido una fruta.
es_602	María y Teinflo fueron a la peluquería, María se hizo los rulos y Teinflo las mechas.
es_604	A ver Jaimito ¿Nuestro héroe de la patria murió en? - ...fermo, profesora!
es_605	¿Por qué el Papa le paga alquiler a Batman? -porque vive en el BAT-icano.
es_606	Batman! ¿Qué haces trabajando en este chiringuito? - Preparando BAT-idos.
es_608	Había un perro que se llamaba pegamento se calló y se pegó.
es_609	¿Tenéis zapatazos del 36? - No, de la guerra no nos quedan.
es_610	¿Qué le dices a un ácido cuando te viene a molestar? – Aminoácido.
es_611	Mira pues a mí no me gusta hacer negocios con calvos, me parece muy descabellado.
es_613	¿Cómo se llama la mujer de Peret? - Peretty Woman.
es_614	No queremos mascarillas - Queremos masbaratillas.
es_616	¿Cómo se llama la primera contagiada de Coronavirus? - Inés tornudo.
es_617	¿En qué idioma hablan las tortugas? - En tortugués.
es_619	Jefe, tiene una reunión a primera hora - Posponlo -Pos ya lo he puesto.
es_622	A la persona que robó mis antidepresivos - ¡Espero que estés contento!
es_623	Me he comprado dos motos pequeñas.  - ¿Vespinos?  - Cuando voy al monte.
es_624	¿Por qué los submarinistas se tiran hacia atrás? - Porque si se tiran hacia delante caen dentro del barco.
es_626	¿Y para qué es una pala? Pala-cabal.
es_628	Conocí a mi novia en un ascensor, soy el amor de subida.
es_630	¡Las máscaras de protección suben de precio! Ahora son mas-carillas.
es_632	Tu hermana sigue de novia con el de la funeraria. Sepelio.
es_633	Una comedia con una mamá zombi, se llamaría combi.
es_637	Mamá, mamá, en el cole me tiran migas de pan. - No les hagas caso, Paloma.
es_638	 ¿Sabes cuánto pago de alquiler por la frutería? - No, ¿cuánto? - Pimientos euros.
es_641	¿Un cacahuete flotando en el agua, sigue siendo un fruto seco?
es_643	Yo soy muy devota. - Pues yo soy más de sandalia.
es_645	Llevo toda la vida buscándote le dijo mi calcetín a su par perdido.
es_647	Tengo un chiste sobre frutas, pero no puedo contártelas. ¿Por qué? Porque le faltan madurar.
es_649	Me puedo pasar horas leyendo Quevedo. Sé que es solo una palabra, pero me encanta.
es_650	¿¿Cómo se llamaba aquél aristócrata que siempre llegaba tarde?? - El Conde Mora.
es_651	¿Profe me regañaría por algo que no hice? - por supuesto que no - Que bueno porque no hice la tarea.
es_654	Intenté conquistar a una programadora, pero no sé de-Java.
es_655	Le hablo a esa programadora y no responde. - ¿Has probado com-Pilar?
es_656	¿Como se dice eyaculador precoz en japonés? - Yata.
es_659	¿Cuál es el útil escolar que te saluda? - La cuadernola.
es_661	¿Cuánto espacio va a dejar el Reino Unido cuando se marche de la UE? - 1 GB.
es_669	Usted ha cometido un crimen matemático - Lo asumo - Pues lo arresto.
es_671	Hay 10 tipos de personas: los que saben binario y los que no.
es_672	¿En qué se parecen los árboles de navidad y las piernas de tu suegra? - En que los dos tienen el cableado por fuera.
es_673	En los carretes de los zancudos siempre hay algo pa' picar.
es_675	Me comí un completo desmayado - Tenía mayo y se la saqué.
es_678	¿Cuál es la comida que siempre se enferma en navidad? - El Tamalito.
es_679	¿Alguien que quiera salir hoy? - ¿A parte de los que están presos?
es_680	¿Cuál es el ave que mejor baila? - El flamenco.
es_681	El mejor nombre para un gato: Excusez Miau.
es_683	¿Papá Noel? - No, sí él.
es_684	Como dijo Jack el Destripador vayamos por partes.
es_685	Si tú novio se llama Salvador no es tu novio - Es tu Chava.
es_688	Cuáles son los mejores dulces mexicanos que le gustaban a Michael Jackson – ¡Los escuincles!
es_689	¿Cuál es el colmo de Batman? - Que lo Robin.
es_690	Si le enseño a manejar a alguien, ¿Soy autodidacta?
es_692	¿Qué hierro toma? - Ferrovial.
es_693	Un payaso que se quedó dormido en una fiesta y lo despintaron.
es_694	Discutir con un DJ es imposible. Siempre está cambiando de tema.
es_696	¿Es usted el encargado de la piscina? - Pues cloro que sí.
es_697	"Me pregunto si me pusieron ""Mar "" para garantizarme una vida bien salada."
es_698	Un amigo que es soldado me contó que le ordenaron salir a la calle. Se cayó a un hoyo y se desoldó.
es_700	¿Qué pasa si te expulsan de 4 universidades? Que estás perdiendo facultades.
es_701	El salón de la casa de Gandalf ¿Es la sala de Istar?
es_704	Un caballo en Halloween ¿Truco o trota?
es_705	¿Cuándo una otaku tiene óvulos listos, entonces se puede decir que esta UwUlando?
es_706	Jaimito ¿cuántos metales conoces? - Barios.
es_707	¿Si la tierra es redonda y se llama planeta, si fuera plana se llamaría redondeta?
es_711	¿Usted escucha voces en su cabeza?  - Dice que no señor.
es_712	¿Los romeritos son los niños que van a la Romería?
es_714	¿Para qué quiere un oso panda unas zapatillas? - Pandar.
es_717	Judas: ¿Cara o cruz? - Jesús: ¡Cruz!
es_718	¿Seguro que has superado tu obsesión por los licores? - Claro que sí! ¡Te lo orujo!
es_721	La dejé por su adicción a una fruta seca. nu-ez para mí.
es_725	Cuando un ciego quiere ligar con otro en una fiesta, le pregunta ¿Me concedes este braille?
es_728	¿El Mar Angosto, cuando llega el invierno se convierte en el Mar Diciembre?
es_738	Hay dos panaderías en mi pueblo. Y han secuestrado al panadero. Ahora está en panadero desconocido.
es_740	¿Con los huevos de Asgard se hacen Thortillas?
es_741	¿Cómo se dice pequeño en japonés? Ta-chi-quito.
es_742	Detective, hemos encontrado restos de un bollito suizo - Ha debido ser un suicidio.
es_743	Tengo dos vecinos. Óscar de la Renta y Pablo de la hipoteca.
es_746	¿Si una pistola es de color blanco el atraco se considera con arma blanca?
es_747	¿Cuál es el colmo de un zurdo? - Estudiar la carrera de derecho.
es_749	¿Por qué los mexicanos somos malos en el billar? - Porque nos comemos los tacos.
es_750	Entra Jesucristo a un bar y todo el mundo se empieza a reír. Es la gracia del señor.
es_751	Esta es mi hija, la menor. - Ah, pues este es mi hijo, fa sostenido.
es_753	¿Si Pinocho y Groot se pelean, salen tablas?
es_757	¿Cuándo el entrenador del Chelsea va al dentista se puede decir que se hace una limpieza de Sarri?
es_758	¿Qué le dijo una iguana a otra iguana? - Somos iguanitas!
es_759	¿Por qué los osos panda no se disuelven en agua? - Porque no son polares.
es_760	¿Como se llama la secretaria de Batman? Bati la fea.
es_770	¿Ustedes saben cuál es el instrumento que menos le gusta a la gente del partido comunista y el frente amplio? - El contrabajo.
es_771	¿Por qué la gallina cruzó la cinta de Moebius? Para estar del mismo lado.
es_773	Me caen bien los submarinistas porque en el fondo son buena gente.
es_775	¡Mamá! ¡Deja de echarme guacamole por encima! ¡Cállate Nacho!
es_778	¿Como cierran dos programadores con un trato? Con un commit.
es_784	¿Cuál es el colmo de Aladino? - Tener un mal genio.
es_786	¿Sabéis cuál es el arma favorita del Ark? El ark-o.
es_788	Dos chicas van a un hotel y piden un cuarto ¿Qué hora es? Un cuarto para las dos.
es_789	¿Cuál es la montaña más higiénica? El volcán porque echa la ceniza y después la lava.
es_790	¿Cuál es el Sistema Operativo (SO) Favorito de los Japoneses? - El Uwuntu.
es_791	¿Por qué la naranja se fue a la cárcel? - Por su pulpa.
es_792	¿Has escuchado el chiste del tren? - No. - Suele pasar.
es_796	¿Has intentado alguna vez comerte un reloj? - Cuesta mucho tiempo.
es_799	Vayamos sin prisa y prisa se quedó en casa.
es_804	¿Qué le dijo un salero a otro? - Na.
es_806	¿Cuál es el único animal que puede entrar al cine? - Pues las Palomitas.
es_807	¡Me encantan las aves! - Y qué te parece el cisne? - Pues depende de la película.
es_813	Soy tan adicto al Yakult que cuando estoy en el acto bacilo.
es_816	Me siento triste. - Pues siéntate bien.
es_817	¿Qué hace un huérfano en una pizzería? - Pide dos familiares.
es_819	¿Cuál es el colmo de un músico? - Perder el conocimiento y en lugar de volver en sí volver en do.
es_821	¿Qué hace Enrique Iglesias en un campo de trigo? - Bailar con trigo, Vivir con trigo.
es_833	¿Qué es un pollito con pistola? -  pollicia.
es_835	¿Cuál es el colmo de un oso panda? Que, sin importar la tecnología, sus fotos siempre saldrán en blanco y negro.
es_838	¿Qué le dice una pared a otra? - Nos vemos en la esquina.
es_839	¡Mi Amor, en ese espejo me veo mucho más joven! - ¡Claro mi vida, es un espejo retrovisor!
es_840	¿Por qué el numero entero se hundió? - Porque no era flotante.
es_841	¿Por qué ha ganado Croacia? Porque Dinanomarca.
es_842	Mi psiquiatra me dijo que estaba loca y pedí una segunda opinión, me dijo que también era fea.
es_843	¿Cuál es el deporte que practica Batman en su tiempo libre? - ¡El BATminton!
es_844	Buenos días, ¿a qué piso va? -Al Ochoa, señor portero.
es_846	Mi madre me dijo que no jugara con fuego y fuego se quedó sin amigos.
es_848	¿Pertenece usted a la Real Academia de la Lengua Española? - No, pero como si lo seriese.
es_849	¿Cuál es la legumbre que camina más despacio? - La lenteja.
es_850	¿Como se dice lluvia en alemán? - GotasKaen.
es_852	Te vendo una moto - ¿Y para qué quiero yo una moto vendada?
es_853	¿Por qué los carros tienen una motosierra en la parte de abajo? - ¡Para cortar camino!
es_855	Ya hicieron el chiste de que Salah es muy salahdo.
es_856	Mi voto es tan secreto, que ni yo misma sé por quién iré a votar.
es_866	¿Cuál es el tipo de música preferida de un velociraptor? - El rap - Porque es veloci-rap-tor.
es_870	¿Cuántas personas caben en una ballena? - Ninguna porque va llena.
es_872	¿Qué le dice Tutancamon a Cleopatra? -Vamos a follar sin Cesar.
es_874	Hey Jesús. - ¿Salió cara la cena? No, salió cruz.
es_878	¿Sales minerales? - No, estoy castigado
es_879	¿Cuál es el arroz más soso? - El Caparroz.
es_880	¿Quieres unas galletas Príncipe? - ¡Claro que sí, reina!
es_881	¿Qué le dijo una app a otra app? - Ya hay que vernos para actualizarnos.
es_882	¿En qué idioma hablan los zombis? - ¡En una lengua muerta!
es_883	¡La Asociación de Pintoras denuncia la brocha salarial!
es_884	¿De qué murió Hitler? - Murió de un infarto cuando le llego el recibo del gas.
es_885	¿Sí Will Smith viaja al pasado entonces se convierte en Was Smith?
es_886	¿Está Beto? - Ño, Ya cherré.
es_889	¿Cómo desea pagar? ¿Con tarjeta? - ¡Efectivamente!
es_891	¿Cómo separaba las oraciones? - Con los pies se paraba.
es_892	¿Cómo se aman los chinches? - Chincheramente.
es_893	¿Sabes que hace Stan en la biblioteca? - Stan, lee.
es_894	¿Qué es una patata con poderes mentales? Una psicopata-ta.
es_895	¿Porque los diabéticos no pueden vengarse? - Porque la venganza es dulce.
es_896	Si los hombres se deprimen, las mujeres ¿Se depriwomen?
es_902	¿Cuál es el país que primero se ríe y después explota? - Japón.
es_904	¿Qué le pedirías al fin de semana? - ¿Por qué no viernes antes?
es_906	¿Qué hace un boli Bic en el gimnasio? - AeroBics.
es_912	¿Cómo se llama el hermano mayor de Pinocho? - Pinueve.
es_917	Caminando por la calle vi un anuncio que decía: “se venden cuates”. Y pensé, seguramente Chabelo ya no los necesita.
es_918	¿Por qué metieron a los lamassus al manicomio? - Porque eran unos cincopatas.
es_919	¿Cómo parar a un catalán? -Con un peaje.
es_920	¿Cuál tribu que tiene solo menores? - La tribu-nal de menores.
es_922	¿Saben por qué se llama pantalón? - Porque va de la panza al talón.
es_923	¿Quién es el padre de ET? - Don ET.
es_925	La policía debería usar papel para enfrentar a los violentos, porque el papel gana a la piedra.
es_926	¡Alerta amarilla! - ¡Ten mucho cuidado, Marilla!
es_929	¿Puedo hablarle de usted? - ¡Pues la verdad dudo que sepas mucho de mí, pero adelante!
es_931	¿Qué famoso guerrero estaba obsesionado con la luna? - Atila el luno.
es_932	¿Si me encuentro un demonio vestido con pantalones de campana y hombreras, va de retro?
es_933	Se que no se nada-r, dijo el filósofo y se ahogó.
es_934	¿Sabéis porque juega en el Madrid? - Porque Alá Madrid.
es_942	¿Cuál es la canción favorita de los leñadores? - Tree Falling.
es_948	"¿Cómo sacas a Superman del agua? Pues oxidado ya que es ""El Hombre de Acero""."
es_952	¿Por qué le dio un paro a la impresora? - ¡Porque tuvo una impresión muy fuerte!
es_955	¿Pero dónde vas con tantos ajos? - Es que tengo cita con el más ajista!
es_958	¿Sabes que es un fantasma con chándal? - Un espíritu deportivo.
es_959	Si se le dice a un político que vive muy bien. ¿Contestará por su impuesto que sí?
es_960	¿Qué es una gamba que tira piedras a la gente? - Una gamberra.
es_962	Ave César. Necesitamos Centuriones. - ¿A qué se debe, General? -A que se nos caen los pantaliones.
es_963	¿Con que objeto te identificas más? - Con el Óxido de Hierro.
es_964	¿Sabes la carga del electrón? - Negativo.
es_967	¿Dónde toman los catalanes el sol? - En Terrasa.
es_968	Me he comprado un reloj nuevo - ¿Qué marca? - La hora.
es_970	En un matrimonio entre dos volcanes. ¿Quién lava?
es_975	¿Cuánto te ha costado la terapia para dejar de pensar en comida a todas horas? - Pimientos euros.
es_976	¿Con qué juega un bebé vampiro? ¡Con glóbulos rojos!
es_978	¿Por qué echas tierra al capitán en los ojos? Porque ha gritado tierra a la vista
es_980	¿Qué es una Glorieta? - Una Gloria pequeñita.
es_982	¿Con qué se emborrachan los pingüinos? - Con licor de polo.
es_985	¿Qué recibirá King Kong en su graduación? - ¡KONGratulaciones!
es_987	Tengo un problema, estoy obsesionado con las multiplicaciones. - ¿Te preocupa mucho? - ¿Por?
es_989	¿Cómo se llaman los que corren para aliviarse? - Almo-runners.
es_990	¡Encontré un tipo formidable: tiene el encanto de Sinatra y el genio de Einstein! - ¿Y cómo se llama? - Frankenstein.
es_991	¿Cómo estornuda un leñador? - ¡Hacha!
es_993	¿Sabes a mí que deporte me da miedo? Ese en el que están con espadas - ¿Esgrima? -Más que grima, es miedo.
es_996	¿Si pido disculpas por hacerme un selfie, me autorretracto?
es_999	Oye, ¿Es verdad que eres sordo? - Un poquito, pero ya me estoy poniendo a dieta.
es_1001	¿Porqué el pañuelo es un instrumento? Porque siempre está sonando.
es_1002	Que bonita ballena. No, antes era un delfín.
es_3413d	A los diabéticos no se les debe permitir tener dulces sueños.
es_1006	Mi novia me dejó por ser muy dulce. Era diabética.
es_1007	Me llevan a la guillotina al amanecer pero mi mujer me ha dicho que no hace falta que pierda la cabeza por el finiquito.
es_6911a	Me mudé y tuve que buscar otros médicos después de estar cinco años con el mismo quiropráctico. Fue un mero ajuste.
es_1012	Después de 5 años con mi quiropráctico, me mude y cambie de doctores. Fue todo un ajuste.
es_1016	Se espera que las reacciones en cadena por lo despidos en la central nuclear sean la bomba.
es_1017	Se espera que estalle la planta nuclear por tanta fuga de personal.
es_6569a	Un científico estaba haciendo un gran experimento con químicos en estado líquido cuando se cayó y pasó a ser parte de la solución.
es_6569b	Un científico que hacía un gran experimento con productos químicos líquidos estaba intentando solucionar un problema cuando cayó en que él se convertiría en parte de la solución.
es_1018	Un químico que trataba de resolver un problema mediante un experimento con líquidos cayó dentro del enorme matraz y encontró la solución.
es_1019	Un cientifico estaba haciendo un gran experimento con químicos intentando dilucidar el problema cuando se cayó dentro y acabó siendo él la di-solución
es_1020	Un científico que realizaba un importante experimento con sustancias químicas estaba intentando resolver un problema cuando cayó y se convirtió en parte de la di-solución.
es_1024	El otro día prácticamente robé montacargas comprándolo por la mitad del precio. Es increíble lo que se puede levantar hoy en día.
es_1025	Pillé una gran oferta con el toro que compré el otro día a mitad de precio. Y eso que la cosa me olía a cuerno quemado.
es_1026	Me pillé una oferta el otro día una carretilla elevadora por la mitad de precio. Es sorprendente lo elevado que estaba el precio antes.
es_7406a	El otro día aproveché una ganga y compré a mitad de precio un montacargas. Es increíble la cantidad de ofertas que uno se puede cargar estos días.
es_7406b	El otro día conseguí una gran ganga al comprar una montacargas a mitad de precio. Es increíble lo que se puede levantar hoy en día.
es_1027	-Acabo de pasar por el soportal dijo Tom, al que no soporto.
es_1028	"""Tronco, acabo de pasar por la puerta"", dijo la jamba."
es_1438b	Se solían hacer zuecos en la fábrica, hasta que los trabajadores se hicieron los suecos.
es_1029	Paradójicamente, el calzado tradicional holandés lo fabrican los zuecos.
es_1031	El inventor de la empacadora de heno se empaquetó un buen dinero.
es_2874a	Cuando el inversor llegó a casa del trabajo estaba gastado.
es_1033	Cuando el de la siderúrgica llegó a casa del trabajo, estaba fundido.
es_2874d	Cuando el inversor volvió a casa del trabajo, se sentía des-gastado.
es_2874e	Cuando el inversor llegó a casa del trabajo que se gastó.
es_1036	Los electricistas viejos no mueren, solo siguen la corriente.
es_1039	Los jardineros viejos no mueren, solo se les obliga a trasplantarse.
es_1040	Los jardineros viejos no mueren, solo se trasplantan.
es_1041	Los viejos jardineros nunca mueren, pero son terreno abonado para que los dejen plantados.
es_225a	Los viejos jardineros nunca mueren, solo se les arranca de raíz.
es_225b	Los viejos jardineros nunca mueren, sólo se desarraigan.
es_2596b	Los profesores de ciencias rompieron porque no había química entre ellos.
es_1044	Los profesores de ciencias se divorciaron porque no había química entre ellos
es_1045	Los profesores de química rompieron su enlace.
es_1047	Los profesores de ciencias rompieron porque ya no había química entre ellos.
es_1048	Los profesores de ciencias rompieron por falta de química entre ellos.
es_1051	¿Cómo encuentras a un auto de carreras perdido? Sigue las pistas.
es_1052	¿Cómo puedes encontrar un tren desaparecido? En-tren-ando tu instinto detectivesco.
es_2392a	¿Cómo encuentras un tren perdido? sigue las vías.
es_1053	Me llamo Ron. El camarero.
es_1054	Brandy, nuestro bartender, vino de Ginebra.
es_1056	Soy Ibarra, del bar.
es_1057	Me llamo Brandy. El camarero.
es_1060	Soy Juan Serrano. Crío cerdos.
es_2408b	Mi nombre es jamón. Yo crío cerdos.
es_1061	Vivo en una granja con mi amada Victoria. Junto a ella, lo tengo todo ganado.
es_1063	Al principio, Ohm se resistió a la idea.
es_1064	Al principio, Ohm opuso resistencia al proyecto.
es_1066	El entrenador personal dejó el trabajo porque estaba desentrenado.
es_1068	El profesor de matemáticas se volvió loco con la pizarra. Menudo numerito.
es_1070	El profesor de matemáticas tropezó con la fregona y le montó un número al cubo
es_1071	El profesor de matemáticas se volvió loco con el pizarrón. Armó todo un número.
es_7435b	El profesor de matemáticas se volvió loco con la pizarra. Él hizo un número en él.
es_1074	"Institutriz: ""Recordad, chicas, que aun en presencia de la nobleza hay que saber quién esconde"""
es_5065a	Madame ''Ahora recuerden, chicas, al manejar la realeza lo importante es mantener sus duques!'
es_3603b	¿Alguna vez te cansas de dormir?
es_1077	¿Y no te cansa dormir?
es_2964a	Tenía tanta prisa que revolví todo, hasta los huevos para el desayuno
es_2964b	Estaba muy apurada, así que me batí para hacer huevos de desayunar.
es_1082	"Temí por mi trabajo cuando se hundió el cargamento de pelucas. Pero mi jefe me dijo que ""pelillos a la mar"""
es_1083	Cuando se inventaron los dedales. hubo escasez, así que muchas personas se quedaron de dedos cruzados.
es_1084	Justo después de la invención de los dedales hubo escasez y muchos se pillaron los dedos para conseguir uno.
es_4098a	Los jugadores de bádminton son para los pájaros.
es_1087	Los jugadores de bádminton son buenos conductores. No pierden el control del volante.
es_1088	El hijo del carnicero hizo chuletas en el examen.
es_1089	Los tíos de la charcutería eran unos cerdos.
es_1090	El cajero de la charcutería resultó ser un chorizo
es_1091	El que inventó las luces de neón tuvo una idea brillante.
es_1092	El inventor de las luces de neón era brillante.
es_1093	Los Curie, tras recibir el Nobel por descubrir la radioactividad, estaban radiantes.
es_1094	Cuando se perfeccionaron las luces de neon, su inventor se sintió brillante.
es_1096	Cuando se perfeccionaron las luces de neón, el inventor se puso resplandeciente.
es_1379a	Cuando las luces de neón fueron perfeccionadas el inventor estaba positivamente brillando.
es_1097	Cuando se perfeccionaron las luces de neón, el inventor estaba radiante.
es_1100	Me llamo Paz y soy juez de mi nombre
es_1101	Me llamo Leyla. Soy abogada.
es_1102	Soy el abogado de Amanda. -¿Demanda? -También.
es_1103	El negocio de la dinamita lo está petando.
es_2847a	Los fabricantes de dinamita tienen un negocio que hace bum.
es_1105	La burbuja del sector de los explosivos está a punto de estallar.
es_1111	Los jardineros van con los pies bien plantados.
es_1112	Los jardineros tienen los pies en la tierra.
es_3152b	A los jardineros les gusta plantar sus pies firmemente.
es_3152c	A los jardineros les gusta plantar los pies con firmeza.
es_1115	Un saltamontes le propuso a otro comer guisantes, pero no le gustó esa vaina.
es_1119	El cultivo de proyectiles de pistola requiere revolver mucho la tierra
es_1120	¿Has oído hablar del tipo que se puso a plantar balas? Se le dispararon las ventas.
es_1042a	¿Usted oyó hablar del individuo que plantó balas? Quería ver un montón de pequeños brotes.
es_1122	Los abejorros pomposos son conocidos por estar en su propia burbuja.
es_1123	A la abeja reina le salió una gotera en sus aposentos mientras leía. Miel sobre ojuelos.
es_1258b	Ella empezó un servicio de correo con un propósito expreso.
es_1258c	Ella inició un curso de mensajería con un propósito urgente.
es_1258d	Ella comenzó un nuevo negocio del mensajero para un propósito expreso.
es_5476c	Ella siempre pinta escenas de noche. Otros artistas se empalidecen en comparación.
es_5476e	Siempre pinta escenas nocturnas. Otros artistas palidecen en comparación.
es_1127	A algunas personas les gusta la carne cruda en ocasiones jugosas.
es_1128	Pedí un steak tartar al camarero con toda crudeza
es_1129	Algunas personas les gusta la carne cruda tres cuartos de las veces.
es_1131	"A uno que es tiquismiquis: ""Para no ser religioso, montas un Cristo por cualquier tontería"""
es_2555b	Para trabajar de electricista hay que tener los pies sobre la tierra.
es_1132	Un electricista puede ser piloto por su excelente toma de tierra
es_2555d	El trabajo de un electricista está bien conectado a tierra.
es_399c	Cuando se enteró de que iba a visitar a un herrero real se puso todo encendido.
es_3138b	"El escorpión le dijo al desierto: ""Sabes, nuestras conversaciones son siempre muy secas""."
es_1138	"El escorpión le dijo al desierto, «Siempre que hablamos eres tan ""seco""...»."
es_1139	"El escorpión le dijo al desierto: ""tienes un carácter demasiado seco""."
es_1140	"El escorpión le dijo al desierto: ""¿Por qué eres siempre tan seco conmigo?""."
es_3138d	El escorpión le dijo al desierto: 'Sabes, nuestras conversaciones siempre están tan secas'.
es_1141	Durante la discusión, uno de los participantes en la convención de bombas terminó explotando.
es_4775c	Un argumento en la convención del escuadrón de bombas terminó en una explosión.
es_2076a	Después de estar todo el día cambiando el pañal a sus trillizos, la madre se sentía un poco en la mierda.
es_2076d	Después de un día entero cambiando pañales a los trillizos, la madre primeriza se estaba encontrando bastante «en la mierda».
es_2076e	Después de un día de estar cambiando sus trillizos, la nueva madre se sentía hecha caca.
es_1144	Tienes más problemas que el libro de matemáticas.
es_1147	Tienes más «episodios» que Cuéntame.
es_7881c	Los fabricantes de sierras pierden dinero y tienen que hacer muchos recortes.
es_1150	Los sastres tuvieron que hacer muchos recortes por las mala marcha del negocio
es_1151	Los fabricantes de recortadoras eléctricas estaban perdiendo dinero así que tuvieron que hacer muchos recortes.
es_7881g	Los fabricantes de sierras que pierden dinero tienen que hacer muchos recortes.
es_5066a	Los trabajadores del puerto que llegan tarde suelen perder los estribos.
es_5066b	Cuando los estibadores llegaron tarde al trabajo fueron atracados.
es_3305b	Los exorcistas viejos nunca mueres, solo cambian de espíritu.
es_1155	Doctor, doctor, creo que soy un restaurante. -¿Cómo? -Claro, ¿tiene mesa reservada?
es_5197f	Doctor, doctor, creo que soy un puente. - ¿Qué te pasa? - Dos coches, un camión y un autocar.
es_1156	Nadie le echa un cable pese a que es la hija del electricista.
es_1158	Ella era simplemente la hija del electricista y no sabemos cómo, pero acabó perdiendo los cables.
es_1111a	Los médiums nunca mueren, solo pierden el espíritu.
es_1111d	Los viejos médiums nunca mueren, solo pierden sus espíritus.
es_1111f	Los MEDIOS ANTIGUOS nunca mueren, sólo pierden su espíritu.
es_5428c	Mi miedo el sector inmobiliario del alquiler me ha hecho desarrollar un complejo de apartamentos
es_5069a	Los buenos leñadores nunca mueren, solo se separan.
es_1161	Los leñadores viejos nunca mueren, solo se astillan.
es_5069b	Los leñadores viejos nunca mueren, solo cortan
es_1162	Los viejos leñadores nunca mueren, sólo sierran ciclo
es_5069d	LOS VIEJOS LEÑADORES nunca mueren, simplemente se dividen.
es_1134b	Bienvenidos marcianos. Tenemos espacio de sobra.
es_1165	Los extraterrestres son bienvenidos. Tenemos espacio para todos.
es_1134e	Marcianos: bienvenidos. Aquí hay espacio para todos.
es_1134f	Marcianos, sean bienvenidos. Tenemos espacio para todos.
es_2709a	No es que no supiera hacer malabarismos, es que no tenía suficientes pelotas.
es_1166	No es que fuera torpe como malabarista, pero no tenía pelotas para actuar delante del público.
es_2709d	No es que el tipo no supiera hacer malabares, solo no tenía las pelotas para hacerlo.
es_2709e	No es que el tipo no supiera hacer malabares, es que no tenía las pelotas para hacerlo.
es_1169	Un niño se tragó varias monedas y fue llevado al hospital. Cuando su abuela llamó para preguntar cómo estaba la enfermera le respondió «No hay cambio todavía».
es_4578e	"Un niño se tragó unas monedas y lo llevaron al hospital. Cuando su abuela llamó para saber como estaba, una enfermera respondió ""sin cambio de momento""."
es_4578f	Un niño pequeño se tragó unas monedas y fue llevado al hospital. Cuando su abuela habló para preguntar cómo estaba una enfermera dijo 'Aún no hay cambio'.
es_4578g	Un niño se tragó unas monedas y fue llevado al hospital. Cuando su abuela telefoneó para preguntar cómo era una enfermera dijo 'No hay cambio todavía'.
es_1171	Los nadadores viejos no mueren, solo se hunden.
es_1172	Los nadadores viejos nunca mueren, solo bracean.
es_950e	El jardinero pensó que las revistas de jardinería eran divertidas de hojear a través.
es_950f	El paisajista pensaba que era divertido hojear las revistas de jardinería.
es_1179	Era hija de un albañil y tenía la cara de cemento
es_1888a	Ella era sólo una hija de Bricklayer, pero ella estaba ciertamente apilada.
es_3177a	El señor D.Cano trabaja en la Universidad.
es_1184	El pez se perdió la llamada porque estaba enganchado a la otra línea.
es_6453a	Los buenos contorsionistas nunca mueren, solo estiran la pata.
es_1185	Los viejos contorsionistas nunca mueren, sólo estiran la pata
es_1186	Viejo contorsionista nunca muere, solo estira la pata.
es_1194	El que gira la ruleta tiene una personalidad única. Tiene una giro diferente para cada guión.
es_1196	A una orquesta se la dirige sabiendo dar en la tecla y contrabajo
es_1197	Un limpiaventanas nunca debe precipitarse
es_1200	Las buenas bufandas no mueren, solo se desgastan.
es_1201	Los viejos senderistas puede que mueran, pero siempre con las botas puestas
es_1208	Nunca tuve piojos de pequeño, pero sí malas pulgas.
es_1209	Conocí a una mujer que tenía un táser, tío, ¡era electrizante!
es_1210	Conocí a una mujer que tenía una táser. ¡Rayos! ¡Ella sí que tenía chispa!
es_1211	Al creador del gel de baño le resbalaba que ya existiera el jabón.
es_1212	Al inventor del gel de ducha le gustaba que le dieran jabón por su logro.
es_1214	¿Escuchaste del tipo al que le clavaron la espalda con un juego de llaves? Su espalda se cerró.
es_1220	Era conserje en el restaurante. Hizo cosas por debajo de la mesa.
es_1223	Le cogí manía a los huevos después de tantos años en la granja. Es que me montaban un pollo todos los días.
es_1227	El niño tenía ilusión por ser pastor de ovejas cuando fuera mayor, como todos sus amigos. ¡Menudo borrego!
es_1230	Un tipo fue a una fiesta de disfraces disfrazado de cuchillo, y realmente parecía afilado.
es_1232	Los costureros nunca mueren. Solo hacen punto y final.
es_2676a	Las viejas costureras nunca mueren, sólo llegan al punto.
es_1233	Eres un sibilino ladrón de tomateras. Las matas, callando.
es_1237	El pirata manco siempre está enganchado al teléfono
es_1238	Un pirata con una mano a menudo cogía el teléfono. Quería desengancharse.
es_1240	Desde que se compró un espejo tuvo más reflexiones.
es_1244	Los viejos embudos nunca mueren, sólo se hacen los estrechos
es_1247	Él pisoteó su reloj viejo porque tenía que matar el tiempo.
es_1248	Aquellos que fabrican esponjas se ven absorbidos por su trabajo.
es_1250	Los viejos jugadores nunca mueren, sólo acaban en la cuneta.
es_1252	Los viejos electricistas nunca mueren, sólo pierden la chispa
es_1254	Las aerolíneas se han vuelto muy costosas - corto de dinero me cobraron por mi bagaje emocional.
es_1255	Las aerolíneas se han vuelto tan codiciosas, que me cobraron mi carga emocional.
es_1257	El estudiante de maquillaje suspendió por usar productos de baja calidad. De aquellos polvos...
es_8401a	El estudiante de cosmética se enfermó el día del examen. Ahora tiene que hacer un trabajo iluminador.
es_1258	Los viejos editores de periódicos nunca mueren, pero dejan su imprenta
es_1260	Cuando el criador de gusanos se mudó al barrio todo fue como la seda
es_1261	Los viejos policías nunca mueren, sólo pierden las esposas
es_1262	Policía viejo nunca muere, solo se detiene.
es_1263	Las buenas balas de cañón nunca mueren solo se disparan.
es_1264	Las viejas balas humanas nunca mueren, sólo salen disparados
es_1265	Los hombres bala no tienen empleo estable. Salen despedidos siempre.
es_1267	Los viejos fotógrafos nunca mueren, tienen mucho carrete
es_1269	El mejor sitio para un matemático es en el hospital, viendo operaciones
es_1270	No logramos entender algunos procesos atmosféricos. Quizá hubo precipitación.
es_6860b	Estaba luchando para averiguar cómo funciona el relámpago entonces me golpeó.
es_5663a	El hombre encontró algo con lo que irse de pesca. Para celebrarlo, tomó una caña
es_1452a	Era la hija del bibliotecario, y siempre le miraban hasta el forro.
es_1272	La hija del bibliotecario quiso quedar conmigo y me preguntó cuándo libro
es_1273	Los jugadores de baloncesto culpables siempre tiran balones fuera.
es_1452c	Sólo era la hija de un bibliotecario, pero estaba revisada de cabo a rabo.
es_1274	Los jugadores de baloncesto, famosos por su mal carácter, pillan muchos rebotes
es_1275	A los jugadores de básquetbol les rebotan las ideas.
es_1276	Los jugadores de baloncesto saben bien cómo solucionar problemas. Llevan toda la vida haciendo mates.
es_2598a	Los jugadores de baloncesto siempre están rebotando ideas unos de otros.
es_2598b	Los jugadores de baloncesto siempre están intercambiando ideas.
es_7482a	Algunos gráficos de las empresas están llenos de leyendas.
es_1277	Se dedicaba a anotar mapas. Era una verdadera leyenda.
es_7482d	Algunos gráficos empresariales están llenos de leyendas.
es_1278	Caer en las redes de un apuesto jugador de tenis no es un juego
es_1279	Los jugadores de tenis no tienen pareja por miedo a que los rompan.
es_1280	John Hanconk no fue despedido, simplemente firmó en otra empresa.
es_7370b	Los jugadores de tenis no se casan porque el amor no significa nada para ellos.
es_1281	Los padres de la patria nunca se jubilan. Tienen muy buena constitución.
es_4902c	John Hancock no se jubiló, sólo dimitió.
es_7901a	Preparados o no, ¡allá voy! -Jesús.
es_1286	La empresa de semillas descartó mi idea de césped artificial.
es_1287	Aquel vivero no vio con buenos ajos mi propuesta para un huerto de liliáceas
es_6777a	La compañía de semillas sacó mi idea de césped preparado.
es_1288	"Una señora quería enviar un paquete con muchas gafas graduadas para ayudar a una ONG. Le preguntó a la compañía de transporte si llegarían antes del lunes. El empleado le dijo: ""veremos a ver"""
es_2364b	Los viejos silvicultores nunca mueren, aceptan lo que haya.
es_1289	Mi cartero es muy buen trabajador: ¡siempre lo entrega todo!
es_2364c	LOS CIRUJANOS VIEJOS DEL ÁRBOL nunca mueren, apenas pino lejos.
es_1290	El cartero dejó su sello en el concurso de monólogos
es_6795a	Si a un juez le encanta el sonido de su propia voz, prepárate para una sentencia larga.
es_6097a	Mi cartero debe ser un comediante, su entrega es perfecta !
es_1292	Si a un juez le gusta la joyería, prepárate para una cadena larga.
es_1293	Si al cura le gusta su voz, espera una larga oración.
es_1295	Al juez le conmovió la historia del condenado. Le dio mucha pena.
es_6795b	Si un juez ama el sonido de su propia voz, espere una larga sentencia.
es_1403a	Dos monóculos estaban haciendo el amor delante de una ventana y montaron un espectáculo.
es_1298	Trabajaba quitando carteles. Una pena que la despidieran cuando su carrera estaba despegando
es_1300	Cuando las noticias se escribían en tablas de arcilla, eran noticias muy maleables.
es_1301	Cada Halloween un empresario se escondía en un cubo de basura para asustar a los transeúntes que pasaban. Le gustaba meterse en bolsa.
es_4671c	Una banda de rock se instala en el parqué. Querían jugar a la bolsa.
es_1302	Cuando hay rebajas en material de atletismo, el primero que llega se lo lleva.
es_1303	Cuando hay ofertas en pelotas de tenis estoy en la tienda al punto
es_1304	Mi trabajo como chef de un restaurante de cinco estrellas está en peligro, ya que mi último plato fue receta para el desastre.
es_1305	Mi carrera como chef no empezó bien porque a la sazón no estaba preparado
es_2444c	Mi trabajo como jefe de cocina en un restaurante de alta clasificación está en peligro porque mi última creación culinaria se llamó una receta para el desastre.
es_1306	Mi trabajo como jefe de cocina en un restaurante de primera categoría está en peligro porque mi última creación culinaria ha sido calificada de receta para el desastre.
es_1307	El entrenador siempre pedía que el boxeador caminase a peso ligero
es_1311	Ella era solamente una bandera - hija de Waver, pero ella dejaría sus estándares abajo para cualquier persona.
es_1312	Cuando se golpeó contra el falso techo y se hizo una fractura: escayola
es_6424a	Perdí mi trabajo vendiendo amplificadores. No conseguí suficiente volumen de ventas.
es_6424b	Me despidieron de mi puesto como vendedor de altavoces por tener un bajo volumen de ventas
es_6424e	Me despidieron de mi trabajo vendiendo amplificadores. No conseguí el volumen de ventas suficiente.
es_1315	¿Has oído hablar del pescador insufrible? Metía mucha caña.
es_1771c	La inauguración de la estatua fue una ocasión monumental.
es_1771d	La inauguración de la estatua fue un acontecimiento monumental.
es_8041a	Usted no capturará a menudo a los madereros o a los granjeros que van contra el grano.
es_1323	Me llamo Caridad. Trato de ayudar a los pobres.
es_1324	Me llamo Caridad. Trabajo en una ONG.
es_1325	Me llamo Angustias. Soy vidente.
es_3974a	Mi nombre es Caridad, un televangelista
es_3974b	Mi nombre es Charity, una televangelista
es_1326	A las tortugas tímidas les cuesta salir de su caparazón.
es_7948b	Es difícil que una tortuga deprimida salga de su caparazón.
es_1327	El inventor del avión siempre se dio altos vuelos.
es_7166a	Una columna de astronomía en el periódico tendría mucho espacio dedicada a ella.
es_7166b	Una columna sobre astronomía en el periódico tendrá mucho espacio dedicada a ello.
es_1330	El periódico podría dedicar mucho espacio para una columna de astronomía
es_1331	Cuando hubo turbulencias en el avión, los pasajeros pusieron el grito en el cielo.
es_7166f	Una columna de astronomía en el periódico tendría mucho espacio dedicado a ella.
es_1332	Cuando el avión comenzó a caer en picado, todos estaban alicaídos.
es_3012a	Cuando el avión golpeó turbulencias, los pasajeros volaron.
es_3012b	Cuando el avión sufrió turbulencias, los pasajeros salieron volando.
es_1336	Me llamo Marcos Preciado. Me dedico a poner el precio a los productos.
es_2007a	La gravedad, siempre está poniendo a todos abajo.
es_803b	Me llamo Mark. Pongo precio a los artículos en el supermercado.
es_7888b	Fue donante de la Cruz Roja hasta que salió de la circulación.
es_7888c	Fue donante de la Cruz Roja hasta que salió de circulación.
es_295a	Si respiras sobre el mapa, se revelará la topografía -dijo, suspirando de alivio.
es_295d	"Si respiras fuerte sobre el mapa, revelará la topografía"", dijo, con un suspiro de alivio."
es_2395a	Los enfermos de alergia tienen picazón para superar la temporada de fiebre del heno.
es_7136a	Todavía echo de menos a mi ex marido. Pero mi objetivo es mejorar.
es_7136b	Todavía echo de menos a mi ex - marido. Pero mi objetivo es mejorar.
es_33a	Las buenas ruedas nunca mueren, solo se cambian.
es_5966a	Todos querían molar delante de la hija del dentista.
es_1373	Ayer pasé frente a un grupo de jóvenes y uno de ellos me lanzó un trozo de queso a la nuca. Me di la vuelta y grité: «¡Menuda pieza!».
es_3346c	Ayer caminé junto a una banda de jóvenes y uno de ellos me tiró un pedazo de queso, que me golpeó en la parte posterior de la cabeza. Me volví y grité, ''Eso no es muy maduro!'
es_1374	Aquel miembro del ejército ayudó a la ancianita que no fijar aquellas planchas de metal. Un gran soldado.
es_2452a	Un amigo me pidió que tallara una escultura de una roca grande. Es lo más duro que he tenido que hacer.
es_6080a	Los buenos contables nunca mueren, solo pierden sus balances.
es_1377	Los granjeros llevaron a sus vacas al psicólogo porque estaban locas.
es_1378	Viejo equilibrista nunca muere, solo se vuelve un desequilibrado.
es_1379	Durante el marcaje los vaqueros tienen dolor en los gemelos.
es_1380	Los vaqueros, al marcar las reses, trabajan a hierro y fuego.
es_1381	Al profesor de matemáticas le gustaba la raíz cuadrada de menos uno, muy irracional de su parte.
es_1382	Al profesor de matemáticas le gustaban los números pares, pero solo una cantidad dispar.
es_1383	Al profesor de matemáticas le encantaban los números pares, pero su novia le dijo nones.
es_1907a	Está de muerte esta nueva novela de misterios.
es_1385	He ido muchas veces al dentista, así que ya sé de que pasta está hecho.
es_1907c	Esa nueva novela de misterio tiene un comienzo asesino a ella.
es_1907d	Esa nueva novela de misterio tiene un comienzo asesino.
es_1386	Ya he ido a ese dentista muchas veces y a mí no me engaña. Tengo el colmillo retorcido.
es_7902a	Un jardinero que regresó a su ciudad natal ha redescubierto sus raíces.
es_7902b	Un jardinero que volvió a su ciudad de origen redescubrió sus raíces.
es_7902c	Un jardinero que volvió a su pueblo redescubrió sus raíces.
es_7902d	Un jardinero que volvió a su ciudad natal redescubrió sus raíces.
es_7902f	Un jardinero que se trasladó de nuevo a su ciudad natal redescubrió sus raíces.
es_5780a	Ampere estaba preocupado porque no estaba al corriente de la investigación.
es_1388	Ampere era un hombre corriente
es_1389	"A Ampère le preocupaba que llamaran a su investigación ""corriente""."
es_1391	La hija del botellero era un tapón
es_1392	Solo era la hija de un hacedor de botellas, pero no había nada que la llenase.
es_1393	Nuestro equipo olímpico de natación entrena como pez en el agua
es_1394	El programa para las Olimpiadas de nuestro equipo de natación sí que tiene un buen fondo de talento.
es_1395	Nuestro equipo de natación olímpica está muy sincronizado.
es_279b	Hubo un chico al que echaron de la fábrica de zumos de naranja por falta de concentración.
es_279c	Érase un chico al que despidieron de la fábrica de jugo de naranja por su falta de concentración.
es_1397	Lo despidieron de la fábrica de zumo porque nunca estaba concentrado
es_279f	Había un tipo que fue despedido de la fábrica de jugo de naranja por falta de concentración.
es_5554b	Ella solo era la hija de un fotógrafo, pero estaba muy revelada
es_5554d	Ella era solamente hija de una fotógrafa, pero ella estaba realmente desarrollada.
es_1341	"Dos geólogos miraban con atención una enorme figura en la pared del acantilado, y a uno se le escuchó decir ""Miremos qué falla""."
es_1342	"Dos geólogos estaban al borde de una falla cuando uno de ellos dijo :""Qué miedo, me cago en sisma."""
es_1344	El joven electricista cometió varios fallos y se lo cargaron.
es_1345	Al aprendiz del electricista a veces se le cruzaban los cables.
es_1347	VanDeGraaf siempre le imponía mucha carga a sus asistentes.
es_6693a	Harry y Clem los carpinteros, se pelearon intensamente sobre cómo completar el desayunador con el que estaban trabajando. Al final acordaron poner sobre la mesa la discusión.
es_1350	Su plan de manufacturar lápices no fue más que un bosquejo.
es_1354	Un magnate se cayó de la borda de su yate. No se ahogó porque no dejaba que le hundieran los intereses.
es_1357	El boxeador que buscaba novia no tenía suficiente gancho con las mujeres
es_8039a	Darwin dijo que le gustaría ver lo que evolucionó.
es_1360	Darwin estaba obsesionado con la trazabilidad de sus condimentos: El origen de las especias
es_8039c	Darwin dijo que tenía que ver que evoluciona.
es_1362	Darwin dijo que prefería esperar a ver como evolucionaba la cosa.
es_8039d	Darwin dijo que tendría que ver lo que evolucionó.
es_8039e	Darwin dijo que tendría que ver qué evolucionaba.
es_1254a	Cuando el reparador de TV se casó la sintonía era excelente.
es_1254b	Cuando el reparador de televisiones se casó, la recepción fue excelente
es_1363	Tendría que haber sabido que el técnico de televisión se iba a casar: hubo muchas señales.
es_1254f	Cuando el reparador de la televisión se casó, la recepción fue excelente.
es_1254g	Cuando el reparador de TV se casó, la recepción fue excelente.
es_1364	Las prostitutas viejas nunca mueren, solo cierran la boca.
es_1365	Suspendido en la escuela de medicina - aprendí sobre el colon a través del proceso de eliminación.
es_5638a	Escuché en la escuela de medicina - 'Aprendí sobre el colon a través del proceso de eliminado'.
es_5638c	Escuché en la escuela médica -'Aprendí sobre el colon a través del proceso de eliminación.'
es_5638d	"Oído en la facultad de medicina: ""Aprendí sobre el colon a través del proceso de eliminación""."
es_1020b	Me recomendó el restaurante y me dijo que no tenía reservas
es_1020c	Me recomendó aquel restaurante sin reservas
es_1020e	Cuando me recomendó el restaurante, me lo dijo sin reservas.
es_1020h	Me recomendó el restaurante y me dijo que no tenía reservas.
es_2554a	Me especialicé como lactante pero lo tuve que dejar porque me quedé sin leche.
es_4088e	Estudió purificación de agua y tenía una gran sed de conocimiento.
es_4088f	Estudió depuración de aguas y tenía una gran sed de conocimientos.
es_3077c	Conocí a una chica en un cibercafé, pero no conectamos.
es_6233a	Una señora encantadora que perdió su reloj era de una belleza eterna.
es_4162c	Las paredes de las prisiones nunca son construidas a escala.
es_4162d	Las paredes de la prisión nunca se construyen a escala.
es_2641a	Me dirigía a Hooters pero mi esposa dijo 'no te molestes, se han ido al busto'.
es_5759a	Un hombre trató de conseguir un trabajo en una zapatería, pero le quedaba pequeño
es_1096a	"Cuando te sirven un postre extravagante: ""Es tan rico que tiene sus propias exenciones tributarias""."
es_385a	Solo era la hija de un músico, pero conocía todos los compases de la ciudad.
es_6028a	¡Que puerta más encantadora! Dijo Tom encantado.
es_2178a	Un lanzador de béisbol pregunto si tenía una buena bola curva, pero quería una respuesta directa.
es_2178d	Un lanzador de béisbol le preguntó si tenía una buena bola curva, pero quería una respuesta directa.
es_3472b	Los astronautas dijeron que su experiencia en la luna fue de otro mundo
es_3472g	Los astronautas dijeron que su experiencia en la luna fue fuera de este mundo.
es_3996a	Después de quedar con el portero del equipo local durante un tiempo, se dio cuenta de que era un auténtico guardián.
es_6644a	¿Podrían los submarinos modernos ser la ola del futuro?
es_6644b	¿Podrán los submarinos modernos ser la ola del futuro?
es_6455a	Los viejos ingenieros de trenes nunca mueren, solo se descarrilan.
es_6455b	Los ingenieros de trenes viejos nunca mueren, solo se descarrilan.
es_4996b	Ella era solo la hija de un arquero, pero era el objetivo de todos los hombres
es_4524a	¿Por qué estaba el conejo deprimido? ¡Porque no dejaba de saltar de un problema a otro!
es_4311a	Es cierto que la Tierra rota, pero los científicos siempre intentan darle su propio giro.
es_4311b	La teoría de que la tierra rota es cierta, pero los científicos siempre le buscan un nuevo giro.
es_4311c	Es cierto que la tierra rota, pero los científicos siempre están dando su propio giro a ella.
es_2946c	"Había un cartel en el césped del dentro de rehabilitación que decía ""No tocar la hierba""."
es_2946d	"Había un cartel en el césped de un centro de rehabilitación de drogas que decía ""Manténgase alejado de la hierba""."
es_1658b	Su pasatiempo de aeromodelismo realmente despegó.
es_1658c	Su afición al aeromodelismo despegó.
es_4908a	Soy Víctor y consigo la victoria en todo lo que hago.
es_4908c	Me llamo Victoria, y gano en todo lo que hago.
es_7579b	Los viejos verduleros nunca mueren, sólo se quedan en estado vegetativo
es_7579c	Los jardineros viejos nunca mueren, solo entran en estado vegetal.
es_7579d	Los jardineros viejos nunca mueren, sólo vegetan.
es_6812b	La gente que hace aceite de motor es muy refinada
es_6812c	La gente que fabrica aceite para motor es muy refinada.
es_6812e	Las personas que hacen aceite de motor son muy refinadas.
es_6812f	Los que fabrican aceite de motor son muy refinados.
es_2228c	Si usted envía una carta a las Filipinas póngala en un sobre de Manila.
es_4233a	Tienes que ser muy bueno dirigiendo para enseñar a alguien a construir una brújula
es_1095a	Los mafiosos viejos nunca mueren, solo se van a otro barrio.
es_4553a	Si hay un hipócrita en tu iglesia, seguro que está más cerca de Dios que tú.
es_4553c	Si hay un hipócrita entre tú y la iglesia, él está más cerca de dios que tú.
es_5121a	Iba a pedir una antena parabólica, pero me enteré de que tenía que ir a través de los canales.
es_5121b	Iba a pedir una antena parabólica pero luego me enteré de que tenía que pasar por canales.
es_671b	Voy a hablar del calentamiento global la semana que viene, es un tema caliente.
es_671d	La semana que viene hablaré del calentamiento global, es un tema bastante candente.
es_1367	La melodía siguió tocando hasta que se convirtió en una tensión.
es_1368	Los fontaneros que me arreglaron el grifo eran como dos gotas de agua.
es_3945a	Cuando me robaron mi PlayStation, mi familia me intentó consolar.
es_3945b	Cuando me robaron la PlayStation, mi familia me consoló.
es_1098	Tuvo problemas en su nuevo puesto como vendedor de anestesia. No sedaba bien.
es_1366	Nos tomamos muy a pecho en esta familia los casos de angina que hemos tenido.
es_5439a	Era un crítico de restaurantes pero no tenía buen gusto.
es_1369	Él era un crítico de restaurante, pero no tenía gusto.
es_5439b	Era un crítico gastronómico, pero no tenía ni pizca de gusto.
es_5439d	Era crítico gastronómico, pero no tenía buen gusto.
es_5439e	Era crítico gastronómico pero no tenía gusto.
